Metric,Score
pass@1,0.4459520942058076
pass@10,0.7598019536999866
